phase,round,ubiquitin.binder_contacts,ubiquitin.binder_helicity,ubiquitin.binder_pae,ubiquitin.compactness,ubiquitin.interface_contacts,ubiquitin.interface_pae,ubiquitin.iptm,ubiquitin.iptm_loss,ubiquitin.plddt_loss,ubiquitin.ptm
screen,1,4.8,-0.62,0.29,9.5,4.9,0.08,0.08,0.05,0.07,0.52
screen,2,4.5,-0.51,0.28,5.1,4.7,0.08,0.07,0.05,0.07,0.52
screen,3,4.1,-0.25,0.19,1.3,4.6,0.08,0.1,0.05,0.05,0.53
screen,4,4.3,-0.36,0.23,2.0,4.5,0.07,0.1,0.04,0.06,0.53
screen,5,3.8,-0.26,0.17,1.2,4.7,0.08,0.07,0.05,0.05,0.52
screen,6,3.6,-0.27,0.16,1.5,4.3,0.07,0.12,0.04,0.05,0.55
screen,7,3.5,-0.24,0.15,1.5,4.2,0.07,0.12,0.04,0.05,0.55
screen,8,3.4,-0.29,0.14,1.4,4.4,0.07,0.11,0.04,0.04,0.54
screen,9,3.9,-0.37,0.2,1.4,4.1,0.07,0.14,0.04,0.06,0.56
screen,10,3.4,-0.26,0.14,1.5,4.4,0.06,0.14,0.04,0.04,0.56
screen,11,3.4,-0.27,0.14,1.2,4.3,0.07,0.12,0.04,0.05,0.55
screen,12,3.7,-0.35,0.19,0.98,4.2,0.07,0.12,0.04,0.05,0.55
screen,13,3.5,-0.28,0.15,1.1,4.4,0.07,0.12,0.04,0.05,0.55
screen,14,3.8,-0.31,0.18,1.1,4.3,0.07,0.11,0.04,0.05,0.54
screen,15,3.9,-0.36,0.2,1.3,4.2,0.07,0.12,0.04,0.05,0.54
screen,16,3.3,-0.28,0.13,1.3,4.3,0.07,0.11,0.04,0.05,0.54
screen,17,3.1,-0.3,0.12,1.4,4.4,0.07,0.11,0.04,0.04,0.54
screen,18,2.5,-0.25,0.09,1.5,4.5,0.07,0.09,0.05,0.03,0.53
screen,19,2.3,-0.27,0.07,1.7,4.5,0.07,0.09,0.05,0.03,0.53
screen,20,2.2,-0.29,0.07,1.5,4.2,0.06,0.12,0.04,0.03,0.54
screen,21,2.0,-0.3,0.07,1.6,4.2,0.06,0.12,0.04,0.03,0.54
screen,22,2.1,-0.29,0.06,1.6,4.2,0.06,0.11,0.04,0.03,0.54
screen,23,1.8,-0.32,0.05,1.7,4.2,0.07,0.1,0.05,0.03,0.54
screen,24,1.9,-0.32,0.06,1.7,4.2,0.07,0.1,0.04,0.03,0.53
screen,25,1.8,-0.32,0.06,1.7,4.2,0.06,0.12,0.04,0.02,0.54
screen,26,1.7,-0.32,0.05,1.7,4.0,0.06,0.15,0.04,0.02,0.55
screen,27,1.9,-0.33,0.06,1.8,3.9,0.06,0.17,0.04,0.02,0.56
screen,28,1.9,-0.3,0.06,1.7,3.9,0.05,0.2,0.04,0.02,0.57
screen,29,1.8,-0.33,0.06,1.7,3.9,0.06,0.19,0.04,0.02,0.57
screen,30,1.9,-0.32,0.06,1.7,3.9,0.05,0.2,0.04,0.02,0.58
screen,31,2.2,-0.23,0.07,1.6,4.2,0.06,0.13,0.04,0.03,0.55
screen,32,2.0,-0.26,0.05,1.7,4.2,0.06,0.12,0.04,0.02,0.54
screen,33,2.9,-0.24,0.09,1.6,4.1,0.06,0.16,0.04,0.03,0.56
screen,34,2.0,-0.29,0.05,1.7,4.0,0.06,0.16,0.04,0.02,0.56
screen,35,4.5,-0.32,0.24,3.8,4.6,0.08,0.1,0.05,0.05,0.54
screen,36,1.9,-0.25,0.05,1.5,4.0,0.06,0.17,0.04,0.02,0.57
screen,37,4.0,-0.22,0.17,1.8,4.5,0.07,0.1,0.04,0.04,0.53
screen,38,1.7,-0.27,0.04,1.7,3.9,0.05,0.19,0.04,0.02,0.57
screen,39,2.4,-0.2,0.07,1.6,4.3,0.07,0.12,0.04,0.03,0.54
screen,40,1.8,-0.24,0.05,1.7,4.2,0.06,0.13,0.04,0.02,0.54
screen,41,1.7,-0.24,0.05,1.7,4.1,0.06,0.14,0.04,0.02,0.55
screen,42,2.9,-0.21,0.09,1.7,4.3,0.07,0.12,0.04,0.03,0.55
screen,43,4.4,-0.32,0.23,2.5,4.9,0.08,0.06,0.05,0.05,0.52
screen,44,1.8,-0.24,0.05,1.7,4.1,0.06,0.14,0.04,0.02,0.55
screen,45,1.9,-0.26,0.05,1.7,4.4,0.07,0.11,0.04,0.02,0.53
screen,46,1.7,-0.27,0.05,1.6,4.5,0.07,0.08,0.05,0.02,0.53
screen,47,1.8,-0.25,0.05,1.7,4.0,0.06,0.16,0.04,0.02,0.56
screen,48,1.7,-0.25,0.04,1.7,4.2,0.06,0.11,0.04,0.02,0.54
screen,49,1.6,-0.29,0.04,1.6,4.3,0.07,0.1,0.05,0.02,0.54
screen,50,1.7,-0.26,0.05,1.7,4.1,0.06,0.14,0.04,0.02,0.55
refine,1,2.5,-0.21,0.07,1.7,4.3,0.07,0.11,0.04,0.03,0.54
refine,2,3.5,-0.2,0.14,1.5,4.5,0.07,0.09,0.05,0.04,0.53
refine,3,2.3,-0.22,0.06,1.6,4.5,0.07,0.1,0.05,0.03,0.53
refine,4,2.1,-0.21,0.06,1.6,4.8,0.08,0.07,0.05,0.03,0.52
refine,5,2.0,-0.25,0.06,1.7,4.3,0.07,0.11,0.04,0.03,0.54
refine,6,4.0,-0.25,0.17,1.6,4.5,0.07,0.1,0.05,0.05,0.53
refine,7,4.0,-0.21,0.17,1.6,4.5,0.07,0.1,0.04,0.05,0.54
refine,8,2.1,-0.24,0.06,1.6,4.2,0.06,0.13,0.04,0.03,0.54
refine,9,1.7,-0.25,0.05,1.6,4.3,0.07,0.12,0.04,0.02,0.53
refine,10,1.8,-0.26,0.05,1.7,4.3,0.07,0.11,0.04,0.02,0.54
refine,11,1.9,-0.25,0.05,1.6,4.4,0.07,0.11,0.04,0.02,0.54
refine,12,1.8,-0.23,0.05,1.6,4.3,0.06,0.11,0.04,0.02,0.54
refine,13,1.9,-0.25,0.05,1.7,3.9,0.05,0.19,0.04,0.02,0.58
refine,14,1.7,-0.26,0.05,1.6,4.1,0.06,0.14,0.04,0.02,0.54
refine,15,1.9,-0.25,0.05,1.5,4.2,0.07,0.1,0.04,0.03,0.54
refine,16,2.1,-0.21,0.06,1.6,4.3,0.07,0.11,0.04,0.03,0.54
refine,17,1.7,-0.26,0.05,1.6,4.2,0.06,0.12,0.04,0.02,0.54
refine,18,1.7,-0.24,0.05,1.7,4.1,0.06,0.13,0.04,0.02,0.54
refine,19,2.1,-0.22,0.06,1.6,4.2,0.06,0.12,0.04,0.03,0.54
refine,20,1.6,-0.26,0.04,1.7,4.0,0.06,0.14,0.04,0.02,0.55
refine,21,1.7,-0.24,0.04,1.7,4.1,0.06,0.15,0.04,0.02,0.54
refine,22,1.6,-0.28,0.04,1.7,4.1,0.06,0.14,0.04,0.02,0.54
refine,23,1.8,-0.31,0.05,1.6,4.1,0.06,0.14,0.04,0.02,0.53
refine,24,1.6,-0.28,0.04,1.7,4.0,0.06,0.17,0.04,0.02,0.55
refine,25,1.6,-0.29,0.04,1.7,4.0,0.06,0.16,0.04,0.02,0.55
anneal,1,1.7,-0.26,0.04,1.7,4.2,0.06,0.12,0.04,0.02,0.54
anneal,2,1.6,-0.25,0.04,1.7,4.1,0.06,0.13,0.04,0.02,0.54
anneal,3,1.8,-0.24,0.05,1.6,4.3,0.07,0.12,0.04,0.03,0.54
anneal,4,1.7,-0.27,0.04,1.7,4.1,0.06,0.14,0.04,0.02,0.54
anneal,5,1.9,-0.23,0.06,1.6,4.0,0.06,0.16,0.04,0.02,0.56
anneal,6,1.7,-0.25,0.05,1.6,4.1,0.06,0.15,0.04,0.02,0.55
anneal,7,1.7,-0.26,0.04,1.6,4.2,0.06,0.14,0.04,0.02,0.55
anneal,8,1.6,-0.27,0.04,1.6,4.1,0.06,0.14,0.04,0.02,0.54
anneal,9,1.7,-0.27,0.04,1.6,4.2,0.06,0.13,0.04,0.02,0.54
anneal,10,1.7,-0.31,0.05,1.6,4.0,0.06,0.15,0.04,0.02,0.55
anneal,11,1.6,-0.28,0.04,1.7,4.1,0.06,0.14,0.04,0.02,0.54
anneal,12,1.6,-0.32,0.04,1.6,4.1,0.06,0.13,0.04,0.02,0.54
anneal,13,1.5,-0.28,0.04,1.6,4.1,0.06,0.15,0.04,0.02,0.55
anneal,14,1.6,-0.27,0.04,1.7,4.0,0.06,0.16,0.04,0.02,0.55
anneal,15,1.6,-0.29,0.04,1.7,4.0,0.06,0.16,0.04,0.02,0.55
anneal,16,1.5,-0.31,0.04,1.6,4.1,0.06,0.14,0.04,0.02,0.55
anneal,17,1.6,-0.3,0.04,1.6,4.0,0.06,0.16,0.04,0.02,0.55
anneal,18,1.6,-0.3,0.04,1.7,3.9,0.06,0.19,0.04,0.02,0.56
anneal,19,1.5,-0.3,0.04,1.6,4.0,0.06,0.15,0.04,0.02,0.54
anneal,20,1.6,-0.3,0.04,1.6,4.0,0.06,0.15,0.04,0.02,0.55
anneal,21,1.6,-0.33,0.04,1.6,4.0,0.06,0.16,0.04,0.02,0.54
anneal,22,1.6,-0.29,0.04,1.6,3.9,0.05,0.22,0.04,0.02,0.57
anneal,23,1.7,-0.32,0.04,1.6,4.0,0.06,0.15,0.04,0.02,0.54
anneal,24,1.6,-0.3,0.04,1.6,4.0,0.06,0.17,0.04,0.02,0.55
anneal,25,1.6,-0.3,0.04,1.6,4.1,0.06,0.15,0.04,0.02,0.54
anneal,26,1.5,-0.3,0.04,1.7,4.0,0.06,0.16,0.04,0.02,0.55
anneal,27,1.6,-0.35,0.04,1.6,4.0,0.06,0.18,0.04,0.02,0.55
anneal,28,1.6,-0.35,0.04,1.6,4.0,0.06,0.16,0.04,0.02,0.55
anneal,29,1.5,-0.33,0.04,1.6,4.1,0.06,0.14,0.04,0.02,0.54
anneal,30,1.6,-0.32,0.04,1.6,3.8,0.05,0.24,0.04,0.02,0.57
anneal,31,1.6,-0.32,0.04,1.6,4.2,0.06,0.13,0.04,0.02,0.54
anneal,32,1.5,-0.33,0.04,1.7,4.0,0.06,0.17,0.04,0.02,0.56
anneal,33,1.6,-0.29,0.04,1.6,4.1,0.06,0.14,0.04,0.02,0.55
anneal,34,1.7,-0.3,0.04,1.6,4.0,0.06,0.17,0.04,0.02,0.56
anneal,35,1.6,-0.34,0.04,1.6,3.9,0.05,0.21,0.04,0.02,0.56
anneal,36,1.6,-0.33,0.04,1.6,4.0,0.06,0.17,0.04,0.02,0.55
anneal,37,1.6,-0.32,0.04,1.7,4.0,0.06,0.18,0.04,0.02,0.56
anneal,38,1.6,-0.33,0.04,1.6,4.1,0.06,0.14,0.04,0.02,0.54
anneal,39,1.6,-0.32,0.04,1.6,4.1,0.06,0.16,0.04,0.02,0.56
anneal,40,1.6,-0.33,0.04,1.6,4.0,0.06,0.18,0.04,0.02,0.56
anneal,41,1.7,-0.34,0.04,1.6,3.9,0.05,0.2,0.04,0.02,0.56
anneal,42,1.7,-0.34,0.04,1.6,4.1,0.06,0.13,0.04,0.02,0.54
anneal,43,1.7,-0.33,0.04,1.6,4.0,0.06,0.19,0.04,0.02,0.55
anneal,44,1.7,-0.32,0.04,1.6,4.1,0.06,0.16,0.04,0.02,0.55
anneal,45,1.6,-0.32,0.04,1.6,4.1,0.06,0.14,0.04,0.02,0.54
